trade_count,assets_tested,net_return_after_costs,profit_factor,win_rate,average_trade,median_trade,expectancy,average_winner,average_loser,max_drawdown,return_over_dd,exposure,average_hold_bars,best_asset,worst_asset,concentration_warning,candidate_id,parameter_set,timeframe
17,17,74.7425,3.5956,47.0588,3.602,-1.8541,3.602,10.6031,-2.6212,-8.861,8.435,11.2941,11.2941,TRXUSDT,BTCUSDT,True,KELL_WEDGE,"{""base_lb"": 8, ""exit"": ""ema20"", ""fast"": 10, ""hold"": 20, ""max_base"": 5, ""regime"": ""ema200"", ""slow"": 20}",1D
22,17,106.7105,3.5849,45.4545,3.6205,-1.7871,3.6205,11.0465,-2.5678,-10.4286,10.2325,11.4091,11.4091,TRXUSDT,BTCUSDT,True,KELL_WEDGE,"{""base_lb"": 8, ""exit"": ""ema20"", ""fast"": 10, ""hold"": 20, ""max_base"": 5, ""regime"": ""none"", ""slow"": 20}",1D
33,17,216.1716,3.5842,42.4242,3.9551,-1.9957,3.9551,12.9303,-2.6582,-11.1528,19.3827,11.1515,11.1515,BTCUSDT,BNBUSDT,False,KELL_WEDGE,"{""base_lb"": 5, ""exit"": ""ema20"", ""fast"": 10, ""hold"": 20, ""max_base"": 5, ""regime"": ""ema200"", ""slow"": 20}",1D
19,17,63.0093,3.3636,52.6316,2.8061,1.7032,2.8061,7.5874,-2.5064,-4.7325,13.3142,6.3158,6.3158,TRXUSDT,BTCUSDT,True,KELL_WEDGE,"{""base_lb"": 8, ""exit"": ""ema20"", ""fast"": 10, ""hold"": 10, ""max_base"": 5, ""regime"": ""ema200"", ""slow"": 20}",1D
24,17,76.1543,3.2804,54.1667,2.5589,1.8189,2.5589,6.7958,-2.4483,-5.6131,13.5673,6.5,6.5,TRXUSDT,BTCUSDT,True,KELL_WEDGE,"{""base_lb"": 8, ""exit"": ""ema20"", ""fast"": 10, ""hold"": 10, ""max_base"": 5, ""regime"": ""none"", ""slow"": 20}",1D
63,17,1017.3876,3.2656,42.8571,4.6792,-2.009,4.6792,15.7373,-3.6144,-15.2258,66.8198,10.8095,10.8095,TRXUSDT,LTCUSDT,False,KELL_WEDGE,"{""base_lb"": 8, ""exit"": ""ema20"", ""fast"": 10, ""hold"": 20, ""max_base"": 8, ""regime"": ""ema200"", ""slow"": 20}",1D
36,17,138.5287,3.0949,47.2222,2.6867,-0.8056,2.6867,8.4053,-2.43,-8.8145,15.7161,6.5556,6.5556,TRXUSDT,BNBUSDT,False,KELL_WEDGE,"{""base_lb"": 5, ""exit"": ""ema20"", ""fast"": 10, ""hold"": 10, ""max_base"": 5, ""regime"": ""ema200"", ""slow"": 20}",1D
66,17,961.5657,3.079,37.8788,4.5548,-2.318,4.5548,17.8086,-3.5268,-22.4583,42.8156,9.8788,9.8788,TRXUSDT,LTCUSDT,False,KELL_WEDGE,"{""base_lb"": 3, ""exit"": ""ema20"", ""fast"": 10, ""hold"": 20, ""max_base"": 5, ""regime"": ""ema200"", ""slow"": 20}",1D
47,17,340.0647,3.0569,38.2979,3.6252,-2.009,3.6252,14.0678,-2.8564,-19.0602,17.8416,10.5106,10.5106,BTCUSDT,LTCUSDT,False,KELL_WEDGE,"{""base_lb"": 5, ""exit"": ""ema20"", ""fast"": 10, ""hold"": 20, ""max_base"": 5, ""regime"": ""none"", ""slow"": 20}",1D
50,17,237.5345,2.9177,44.0,2.776,-1.3359,2.776,9.5991,-2.585,-14.1166,16.8266,6.34,6.34,TRXUSDT,BNBUSDT,False,KELL_WEDGE,"{""base_lb"": 5, ""exit"": ""ema20"", ""fast"": 10, ""hold"": 10, ""max_base"": 5, ""regime"": ""none"", ""slow"": 20}",1D
86,17,1157.9585,2.6423,37.2093,3.6974,-2.2708,3.6974,15.9871,-3.5854,-24.8678,46.5645,9.8605,9.8605,TRXUSDT,LTCUSDT,False,KELL_WEDGE,"{""base_lb"": 8, ""exit"": ""ema20"", ""fast"": 10, ""hold"": 20, ""max_base"": 8, ""regime"": ""none"", ""slow"": 20}",1D
74,17,469.0693,2.508,39.1892,3.0955,-1.9888,3.0955,13.1368,-3.3756,-25.6896,18.2591,5.6622,5.6622,DOGEUSDT,LTCUSDT,False,KELL_WEDGE,"{""base_lb"": 3, ""exit"": ""ema20"", ""fast"": 10, ""hold"": 10, ""max_base"": 5, ""regime"": ""ema200"", ""slow"": 20}",1D
70,17,381.1298,2.4707,41.4286,2.7261,-1.4483,2.7261,11.0546,-3.1647,-15.2258,25.0318,6.4571,6.4571,TRXUSDT,LTCUSDT,False,KELL_WEDGE,"{""base_lb"": 8, ""exit"": ""ema20"", ""fast"": 10, ""hold"": 10, ""max_base"": 8, ""regime"": ""ema200"", ""slow"": 20}",1D
96,17,1256.9397,2.4357,34.375,3.5238,-2.4617,3.5238,17.3909,-3.74,-31.8374,39.48,10.0938,10.0938,TRXUSDT,XRPUSDT,False,KELL_WEDGE,"{""base_lb"": 3, ""exit"": ""ema20"", ""fast"": 10, ""hold"": 20, ""max_base"": 5, ""regime"": ""none"", ""slow"": 20}",1D
108,17,1754.0124,2.3962,37.963,3.4382,-2.6361,3.4382,15.5431,-3.9694,-50.8471,34.4958,10.5278,10.5278,TRXUSDT,LTCUSDT,False,KELL_WEDGE,"{""base_lb"": 5, ""exit"": ""ema20"", ""fast"": 10, ""hold"": 20, ""max_base"": 8, ""regime"": ""ema200"", ""slow"": 20}",1D
106,17,802.9523,2.2824,36.7925,2.7173,-2.0024,2.7173,13.1447,-3.3523,-26.9283,29.8181,5.9057,5.9057,DOGEUSDT,XRPUSDT,False,KELL_WEDGE,"{""base_lb"": 3, ""exit"": ""ema20"", ""fast"": 10, ""hold"": 10, ""max_base"": 5, ""regime"": ""none"", ""slow"": 20}",1D
293,17,527125.8733,2.2821,32.7645,5.5122,-4.5994,5.5122,29.9457,-6.3944,-68.613,7682.5924,10.3379,10.3379,ETHUSDT,LTCUSDT,False,KELL_WEDGE,"{""base_lb"": 3, ""exit"": ""ema20"", ""fast"": 10, ""hold"": 20, ""max_base"": 12, ""regime"": ""ema200"", ""slow"": 20}",1D
214,17,15632.5346,2.1856,34.1121,4.2824,-3.5776,4.2824,23.142,-5.4818,-77.7365,201.0964,10.472,10.472,ETHUSDT,DOGEUSDT,False,KELL_WEDGE,"{""base_lb"": 5, ""exit"": ""ema20"", ""fast"": 10, ""hold"": 20, ""max_base"": 12, ""regime"": ""ema200"", ""slow"": 20}",1D
94,17,447.4387,2.1514,37.234,2.2914,-1.7229,2.2914,11.4985,-3.1705,-27.6296,16.1942,6.0532,6.0532,TRXUSDT,SOLUSDT,False,KELL_WEDGE,"{""base_lb"": 8, ""exit"": ""ema20"", ""fast"": 10, ""hold"": 10, ""max_base"": 8, ""regime"": ""none"", ""slow"": 20}",1D
142,17,3216.0439,2.1152,33.8028,3.5391,-3.1345,3.5391,19.8581,-4.794,-53.5018,60.1109,10.4437,10.4437,TRXUSDT,LTCUSDT,False,KELL_WEDGE,"{""base_lb"": 8, ""exit"": ""ema20"", ""fast"": 10, ""hold"": 20, ""max_base"": 12, ""regime"": ""ema200"", ""slow"": 20}",1D
124,17,938.1815,2.082,41.129,2.38,-1.918,2.38,11.1349,-3.7364,-34.9777,26.8223,6.2258,6.2258,ETHUSDT,LTCUSDT,False,KELL_WEDGE,"{""base_lb"": 5, ""exit"": ""ema20"", ""fast"": 10, ""hold"": 10, ""max_base"": 8, ""regime"": ""ema200"", ""slow"": 20}",1D
152,17,2024.8981,2.014,32.8947,2.6829,-2.8776,2.6829,16.1989,-3.9426,-45.6184,44.3878,9.9408,9.9408,TRXUSDT,AVAXUSDT,False,KELL_WEDGE,"{""base_lb"": 5, ""exit"": ""ema20"", ""fast"": 10, ""hold"": 20, ""max_base"": 8, ""regime"": ""none"", ""slow"": 20}",1D
172,17,1515.031,1.9263,38.9535,2.0671,-2.0024,2.0671,11.0354,-3.6556,-40.1589,37.7259,6.0233,6.0233,LINKUSDT,BNBUSDT,False,KELL_WEDGE,"{""base_lb"": 5, ""exit"": ""ema20"", ""fast"": 10, ""hold"": 10, ""max_base"": 8, ""regime"": ""none"", ""slow"": 20}",1D
165,17,2592.3506,1.8707,33.9394,2.9424,-3.253,2.9424,18.6265,-5.1155,-52.538,49.3424,9.7273,9.7273,ETHUSDT,LTCUSDT,False,KELL_WEDGE,"{""base_lb"": 3, ""exit"": ""ema20"", ""fast"": 10, ""hold"": 20, ""max_base"": 8, ""regime"": ""ema200"", ""slow"": 20}",1D
204,17,2835.7997,1.7975,30.3922,2.5415,-3.1948,2.5415,18.848,-4.5783,-71.7088,39.5461,9.7157,9.7157,TRXUSDT,LTCUSDT,False,KELL_WEDGE,"{""base_lb"": 8, ""exit"": ""ema20"", ""fast"": 10, ""hold"": 20, ""max_base"": 12, ""regime"": ""none"", ""slow"": 20}",1D
442,17,65850.1425,1.7776,29.4118,3.3889,-4.7025,3.3889,26.3397,-6.174,-91.4389,720.1544,9.629,9.629,ETHUSDT,LTCUSDT,False,KELL_WEDGE,"{""base_lb"": 3, ""exit"": ""ema20"", ""fast"": 10, ""hold"": 20, ""max_base"": 12, ""regime"": ""none"", ""slow"": 20}",1D
250,17,3133.0125,1.6605,31.2,2.1825,-3.26,2.1825,17.5866,-4.8031,-69.8648,44.8439,9.616,9.616,TRXUSDT,LTCUSDT,False,KELL_WEDGE,"{""base_lb"": 3, ""exit"": ""ema20"", ""fast"": 10, ""hold"": 20, ""max_base"": 8, ""regime"": ""none"", ""slow"": 20}",1D
333,17,3445.1453,1.6547,29.4294,2.5013,-4.0385,2.5013,21.482,-5.414,-97.0166,35.5109,9.7267,9.7267,BNBUSDT,DOGEUSDT,False,KELL_WEDGE,"{""base_lb"": 5, ""exit"": ""ema20"", ""fast"": 10, ""hold"": 20, ""max_base"": 12, ""regime"": ""none"", ""slow"": 20}",1D
278,17,2276.0327,1.6006,36.6906,1.7142,-2.7515,1.7142,12.4505,-4.508,-59.9589,37.9599,5.9209,5.9209,DOGEUSDT,XRPUSDT,False,KELL_WEDGE,"{""base_lb"": 3, ""exit"": ""ema20"", ""fast"": 10, ""hold"": 10, ""max_base"": 8, ""regime"": ""none"", ""slow"": 20}",1D
166,17,429.6546,1.5365,37.9518,1.4975,-2.7475,1.4975,11.3001,-4.4982,-60.8034,7.0663,6.259,6.259,ADAUSDT,LTCUSDT,False,KELL_WEDGE,"{""base_lb"": 8, ""exit"": ""ema20"", ""fast"": 10, ""hold"": 10, ""max_base"": 12, ""regime"": ""ema200"", ""slow"": 20}",1D
187,17,523.2782,1.5349,37.4332,1.6189,-2.8492,1.6189,12.4093,-4.8369,-50.4233,10.3777,5.9893,5.9893,TRXUSDT,XRPUSDT,False,KELL_WEDGE,"{""base_lb"": 3, ""exit"": ""ema20"", ""fast"": 10, ""hold"": 10, ""max_base"": 8, ""regime"": ""ema200"", ""slow"": 20}",1D
344,17,3203.327,1.514,37.5,1.9521,-3.5316,1.9521,15.3332,-6.0765,-71.1026,45.0522,6.1541,6.1541,OPUSDT,LTCUSDT,False,KELL_WEDGE,"{""base_lb"": 3, ""exit"": ""ema20"", ""fast"": 10, ""hold"": 10, ""max_base"": 12, ""regime"": ""ema200"", ""slow"": 20}",1D
250,17,641.9928,1.4342,38.0,1.4206,-2.9603,1.4206,12.3472,-5.2764,-78.022,8.2284,6.248,6.248,BNBUSDT,DOGEUSDT,False,KELL_WEDGE,"{""base_lb"": 5, ""exit"": ""ema20"", ""fast"": 10, ""hold"": 10, ""max_base"": 12, ""regime"": ""ema200"", ""slow"": 20}",1D
231,17,354.58,1.3903,35.0649,1.0979,-2.7857,1.0979,11.1541,-4.3325,-75.9183,4.6705,6.0,6.0,ADAUSDT,LTCUSDT,False,KELL_WEDGE,"{""base_lb"": 8, ""exit"": ""ema20"", ""fast"": 10, ""hold"": 10, ""max_base"": 12, ""regime"": ""none"", ""slow"": 20}",1D
511,17,471.6335,1.2902,34.638,1.1119,-3.6822,1.1119,14.2706,-5.8614,-88.9027,5.305,5.9589,5.9589,OPUSDT,LTCUSDT,False,KELL_WEDGE,"{""base_lb"": 3, ""exit"": ""ema20"", ""fast"": 10, ""hold"": 10, ""max_base"": 12, ""regime"": ""none"", ""slow"": 20}",1D
381,17,268.0208,1.2668,35.1706,0.8994,-3.0774,0.8994,12.1414,-5.1995,-91.4644,2.9303,6.0656,6.0656,ADAUSDT,LTCUSDT,False,KELL_WEDGE,"{""base_lb"": 5, ""exit"": ""ema20"", ""fast"": 10, ""hold"": 10, ""max_base"": 12, ""regime"": ""none"", ""slow"": 20}",1D
856,17,24710806516.3562,1.7495,48.4813,4.2649,-0.7397,4.2649,20.5342,-11.0453,-83.8978,294534481.7611,11.4007,11.4007,SOLUSDT,XRPUSDT,False,SLINGSHOT,"{""ema_high"": 8, ""exit"": ""R_target"", ""hold"": 15, ""pb_lb"": 8, ""r_mult"": 3}",1D
919,17,15267342809.3882,1.7134,47.9869,4.2951,-0.9224,4.2951,21.497,-11.5752,-91.5306,166800382.7861,11.5375,11.5375,NEARUSDT,OPUSDT,False,SLINGSHOT,"{""ema_high"": 3, ""exit"": ""R_target"", ""hold"": 15, ""pb_lb"": 8, ""r_mult"": 3}",1D
929,17,3137218587.5929,1.6588,45.9634,3.7665,-1.5199,3.7665,20.633,-10.5801,-90.274,34752171.0114,10.7191,10.7191,SOLUSDT,APTUSDT,False,SLINGSHOT,"{""ema_high"": 5, ""exit"": ""R_target"", ""hold"": 15, ""pb_lb"": 5, ""r_mult"": 3}",1D
884,17,1572072625.4401,1.6489,46.7195,3.5869,-1.3298,3.5869,19.5086,-10.3741,-92.6973,16959207.1001,10.5769,10.5769,SOLUSDT,OPUSDT,False,SLINGSHOT,"{""ema_high"": 8, ""exit"": ""R_target"", ""hold"": 15, ""pb_lb"": 5, ""r_mult"": 3}",1D
951,17,2246242213.4549,1.6401,46.2671,3.7317,-1.4723,3.7317,20.6665,-10.8501,-89.4575,25109591.1431,10.8013,10.8013,NEARUSDT,OPUSDT,False,SLINGSHOT,"{""ema_high"": 3, ""exit"": ""R_target"", ""hold"": 15, ""pb_lb"": 5, ""r_mult"": 3}",1D
904,17,406667599.5966,1.63,47.1239,3.8442,-1.3755,3.8442,21.107,-11.5407,-93.0621,4369853.6763,11.4381,11.4381,AVAXUSDT,OPUSDT,False,SLINGSHOT,"{""ema_high"": 5, ""exit"": ""R_target"", ""hold"": 15, ""pb_lb"": 8, ""r_mult"": 3}",1D
882,17,1267413433.2145,1.6291,49.6599,3.5401,-0.1906,3.5401,18.4597,-11.1779,-83.6592,15149724.098,10.5227,10.5227,NEARUSDT,XRPUSDT,False,SLINGSHOT,"{""ema_high"": 8, ""exit"": ""R_target"", ""hold"": 15, ""pb_lb"": 8, ""r_mult"": 2}",1D
922,17,112417712.1615,1.5979,46.7462,3.7794,-1.6094,3.7794,21.6067,-11.8693,-94.6764,1187389.0476,11.449,11.449,SOLUSDT,OPUSDT,False,SLINGSHOT,"{""ema_high"": 4, ""exit"": ""R_target"", ""hold"": 15, ""pb_lb"": 8, ""r_mult"": 3}",1D
958,17,753421861.53,1.597,49.0605,3.5435,-0.5499,3.5435,19.3213,-11.6524,-91.7005,8216119.2969,10.7328,10.7328,NEARUSDT,APTUSDT,False,SLINGSHOT,"{""ema_high"": 3, ""exit"": ""R_target"", ""hold"": 15, ""pb_lb"": 8, ""r_mult"": 2}",1D
953,17,224868737.9062,1.5865,45.4355,3.5263,-2.4236,3.5263,20.9946,-11.0195,-91.6221,2454307.1762,10.6422,10.6422,BNBUSDT,OPUSDT,False,SLINGSHOT,"{""ema_high"": 4, ""exit"": ""R_target"", ""hold"": 15, ""pb_lb"": 5, ""r_mult"": 3}",1D
988,17,181354391.2693,1.5626,44.332,3.1808,-3.3654,3.1808,19.9276,-10.1558,-91.7403,1976823.8769,9.7966,9.7966,NEARUSDT,APTUSDT,False,SLINGSHOT,"{""ema_high"": 3, ""exit"": ""R_target"", ""hold"": 15, ""pb_lb"": 3, ""r_mult"": 3}",1D
926,17,140930629.4565,1.5592,44.1685,3.0173,-3.2535,3.0173,19.0473,-9.6641,-93.1949,1512214.7738,9.473,9.473,DOGEUSDT,APTUSDT,False,SLINGSHOT,"{""ema_high"": 8, ""exit"": ""R_target"", ""hold"": 15, ""pb_lb"": 3, ""r_mult"": 3}",1D
995,17,391606348.0757,1.5582,48.5427,3.152,-0.9222,3.152,18.1262,-10.9741,-90.5869,4322990.4363,9.8503,9.8503,NEARUSDT,APTUSDT,False,SLINGSHOT,"{""ema_high"": 3, ""exit"": ""R_target"", ""hold"": 15, ""pb_lb"": 5, ""r_mult"": 2}",1D
942,17,25153609.2276,1.5239,48.0892,3.1498,-0.961,3.1498,19.0515,-11.5812,-93.4044,269297.9296,10.69,10.69,NEARUSDT,OPUSDT,False,SLINGSHOT,"{""ema_high"": 5, ""exit"": ""R_target"", ""hold"": 15, ""pb_lb"": 8, ""r_mult"": 2}",1D
1044,17,141565870.9952,1.5105,47.4138,2.783,-1.4414,2.783,17.3667,-10.3661,-91.8413,1541419.2078,8.7366,8.7366,SOLUSDT,APTUSDT,False,SLINGSHOT,"{""ema_high"": 3, ""exit"": ""R_target"", ""hold"": 15, ""pb_lb"": 3, ""r_mult"": 2}",1D
921,17,14029526.9735,1.4885,48.2085,2.6609,-0.9294,2.6609,16.8191,-10.5177,-94.5314,148411.2283,9.5668,9.5668,DOGEUSDT,OPUSDT,False,SLINGSHOT,"{""ema_high"": 8, ""exit"": ""R_target"", ""hold"": 15, ""pb_lb"": 5, ""r_mult"": 2}",1D
984,17,9103431.7921,1.4796,43.1911,2.7395,-3.91,2.7395,19.5679,-10.055,-95.0119,95813.6301,9.5427,9.5427,SOLUSDT,OPUSDT,False,SLINGSHOT,"{""ema_high"": 5, ""exit"": ""R_target"", ""hold"": 15, ""pb_lb"": 3, ""r_mult"": 3}",1D
996,17,2822817.5202,1.4654,43.2731,2.7209,-4.0698,2.7209,19.798,-10.3061,-96.4885,29255.4951,9.6265,9.6265,SOLUSDT,OPUSDT,False,SLINGSHOT,"{""ema_high"": 4, ""exit"": ""R_target"", ""hold"": 15, ""pb_lb"": 3, ""r_mult"": 3}",1D
961,17,1934501.5643,1.465,47.6587,2.9238,-1.2597,2.9238,19.3271,-12.012,-95.5734,20241.0125,10.6337,10.6337,AVAXUSDT,APTUSDT,False,SLINGSHOT,"{""ema_high"": 4, ""exit"": ""R_target"", ""hold"": 15, ""pb_lb"": 8, ""r_mult"": 2}",1D
997,17,2121444.3169,1.4396,47.2417,2.5567,-1.3113,2.5567,17.722,-11.0229,-96.0455,22087.9048,9.8636,9.8636,AVAXUSDT,APTUSDT,False,SLINGSHOT,"{""ema_high"": 4, ""exit"": ""R_target"", ""hold"": 15, ""pb_lb"": 5, ""r_mult"": 2}",1D
979,17,1562064.5481,1.43,46.9867,2.4564,-1.3934,2.4564,17.3872,-10.777,-95.231,16402.8987,9.8754,9.8754,AVAXUSDT,APTUSDT,False,SLINGSHOT,"{""ema_high"": 5, ""exit"": ""R_target"", ""hold"": 15, ""pb_lb"": 5, ""r_mult"": 2}",1D
973,17,1576936.9761,1.4109,46.0432,2.1612,-2.4803,2.1612,16.117,-9.7477,-94.5662,16675.4878,8.3155,8.3155,DOGEUSDT,APTUSDT,False,SLINGSHOT,"{""ema_high"": 8, ""exit"": ""R_target"", ""hold"": 15, ""pb_lb"": 3, ""r_mult"": 2}",1D
1054,17,303175.6497,1.3749,46.2049,2.1039,-2.69,2.1039,16.6979,-10.431,-96.5008,3141.6912,8.5911,8.5911,NEARUSDT,OPUSDT,False,SLINGSHOT,"{""ema_high"": 4, ""exit"": ""R_target"", ""hold"": 15, ""pb_lb"": 3, ""r_mult"": 2}",1D
1041,17,385728.5798,1.37,45.9174,2.0442,-2.6624,2.0442,16.4841,-10.2156,-97.643,3950.395,8.4659,8.4659,TRXUSDT,OPUSDT,False,SLINGSHOT,"{""ema_high"": 5, ""exit"": ""R_target"", ""hold"": 15, ""pb_lb"": 3, ""r_mult"": 2}",1D
7822,17,1.2424102257232976e+23,1.7727,51.841,0.7366,0.093,0.7366,3.2598,-1.9794,-47.0784,2.639025664407287e+21,0.0,0.0,DOGEUSDT,POLUSDT,False,CRABEL,"{""direction"": ""long"", ""exit"": ""close_exit"", ""range_mult"": 0.7}",1D
6733,17,2.77110870104679e+18,1.6956,51.2105,0.6831,0.0619,0.6831,3.2514,-2.0127,-59.1068,4.6883099995470376e+16,0.0,0.0,XRPUSDT,POLUSDT,False,CRABEL,"{""direction"": ""long"", ""exit"": ""close_exit"", ""range_mult"": 0.8}",1D
5770,17,1997858089898683.5,1.658,50.6239,0.6579,0.0323,0.6579,3.2748,-2.0251,-56.4583,35386409800272.734,0.0,0.0,XRPUSDT,POLUSDT,False,CRABEL,"{""direction"": ""long"", ""exit"": ""close_exit"", ""range_mult"": 0.9}",1D
4987,17,1203792522721.1443,1.5789,50.1103,0.5992,0.0014,0.5992,3.2615,-2.0749,-56.7,21230907889.1213,0.0,0.0,XRPUSDT,POLUSDT,False,CRABEL,"{""direction"": ""long"", ""exit"": ""close_exit"", ""range_mult"": 1.0}",1D
3617,17,6391045011312937.0,1.5365,50.0415,1.5832,0.0023,1.5832,9.0612,-5.9071,-95.3126,67053518099759.18,2.9997,2.9997,DOGEUSDT,POLUSDT,True,CRABEL,"{""direction"": ""long"", ""exit"": ""time3"", ""range_mult"": 1.2}",1D
5770,17,3.2938493275208585e+24,1.5338,50.9879,1.5187,0.1287,1.5187,8.558,-5.8044,-98.5429,3.342554751104609e+22,2.9998,2.9998,DOGEUSDT,LTCUSDT,True,CRABEL,"{""direction"": ""long"", ""exit"": ""time3"", ""range_mult"": 0.9}",1D
4987,17,5.008300640170794e+20,1.5216,50.4111,1.5073,0.0589,1.5073,8.7227,-5.8277,-98.2746,5.096229034116754e+18,2.9998,2.9998,DOGEUSDT,LTCUSDT,True,CRABEL,"{""direction"": ""long"", ""exit"": ""time3"", ""range_mult"": 1.0}",1D
7822,17,5.471367372285273e+31,1.5207,50.652,1.4596,0.1103,1.4596,8.4151,-5.6798,-98.0493,5.58021933016064e+29,2.9997,2.9997,DOGEUSDT,APTUSDT,True,CRABEL,"{""direction"": ""long"", ""exit"": ""time3"", ""range_mult"": 0.7}",1D
4282,17,7.165181847747438e+17,1.5194,49.6263,1.5209,-0.0609,1.5209,8.9653,-5.8132,-93.2918,7680397393283626.0,2.9998,2.9998,DOGEUSDT,ARBUSDT,True,CRABEL,"{""direction"": ""long"", ""exit"": ""time3"", ""range_mult"": 1.1}",1D
3617,17,273062987.5707,1.5164,49.4332,0.5688,-0.0303,0.5688,3.3787,-2.1781,-59.8461,4562749.4757,0.0,0.0,DOGEUSDT,POLUSDT,False,CRABEL,"{""direction"": ""long"", ""exit"": ""close_exit"", ""range_mult"": 1.2}",1D
6733,17,6.502786562923581e+26,1.5085,50.7946,1.4511,0.1303,1.4511,8.4744,-5.799,-98.4816,6.603044574265199e+24,2.9997,2.9997,DOGEUSDT,ARBUSDT,True,CRABEL,"{""direction"": ""long"", ""exit"": ""time3"", ""range_mult"": 0.8}",1D
4282,17,2291442315.4048,1.4983,48.879,0.5422,-0.0488,0.5422,3.3355,-2.1286,-66.4214,34498574.202,0.0,0.0,DOGEUSDT,POLUSDT,False,CRABEL,"{""direction"": ""long"", ""exit"": ""close_exit"", ""range_mult"": 1.1}",1D
16167,17,7.081135761646305e+27,1.4382,48.6794,0.4735,-0.0702,0.4735,3.1926,-2.1057,-77.8576,9.094979115116765e+25,0.0,0.0,ETHUSDT,POLUSDT,False,CRABEL,"{""direction"": ""both"", ""exit"": ""close_exit"", ""range_mult"": 0.7}",1D
13920,17,7.411026643762464e+18,1.3428,47.852,0.3893,-0.1135,0.3893,3.1863,-2.1774,-76.7459,9.656581893893731e+16,0.0,0.0,ETHUSDT,DOTUSDT,False,CRABEL,"{""direction"": ""both"", ""exit"": ""close_exit"", ""range_mult"": 0.8}",1D
16167,17,8.920934223446759e+28,1.3083,49.4835,0.9212,-0.0909,0.9212,7.9012,-5.916,-98.0309,9.100124217563664e+26,2.9998,2.9998,SOLUSDT,LTCUSDT,False,CRABEL,"{""direction"": ""both"", ""exit"": ""time3"", ""range_mult"": 0.7}",1D
11942,17,41119997600932.59,1.2905,47.1948,0.3391,-0.1442,0.3391,3.1918,-2.2105,-88.4798,464738743312.6498,0.0,0.0,ETHUSDT,DOTUSDT,False,CRABEL,"{""direction"": ""both"", ""exit"": ""close_exit"", ""range_mult"": 0.9}",1D
13920,17,3.8813762696839855e+21,1.2871,49.2026,0.8697,-0.1216,0.8697,7.9234,-5.9625,-99.7659,3.890482880495539e+19,2.9998,2.9998,AVAXUSDT,LTCUSDT,True,CRABEL,"{""direction"": ""both"", ""exit"": ""time3"", ""range_mult"": 0.8}",1D
11942,17,6.300961821238682e+16,1.2734,49.2129,0.8385,-0.1127,0.8385,7.9353,-6.0383,-99.8994,630730750339870.0,2.9998,2.9998,AVAXUSDT,LTCUSDT,False,CRABEL,"{""direction"": ""both"", ""exit"": ""time3"", ""range_mult"": 0.9}",1D
10237,17,19675751763767.54,1.2662,48.6471,0.8245,-0.2034,0.8245,8.063,-6.0326,-99.9688,196819012485.2995,2.9998,2.9998,AVAXUSDT,LTCUSDT,True,CRABEL,"{""direction"": ""both"", ""exit"": ""time3"", ""range_mult"": 1.0}",1D
7822,17,1150217814459786.8,1.2612,50.6392,0.7665,0.1103,0.7665,7.308,-5.9445,-99.0485,11612670563300.78,2.6732,2.6732,BNBUSDT,APTUSDT,False,CRABEL,"{""direction"": ""long"", ""exit"": ""atr"", ""range_mult"": 0.7}",1D
16167,17,1.0089388273328614e+27,1.2566,49.7557,0.7748,-0.0407,0.7748,7.6249,-6.0088,-96.8425,1.041834474949827e+25,2.6885,2.6885,ADAUSDT,APTUSDT,False,CRABEL,"{""direction"": ""both"", ""exit"": ""atr"", ""range_mult"": 0.7}",1D
8345,17,87717197095011.94,1.2526,48.9275,0.7825,-0.1959,0.7825,7.9323,-6.067,-99.2108,884149814061.9427,2.7028,2.7028,DOTUSDT,TRXUSDT,False,CRABEL,"{""direction"": ""short"", ""exit"": ""atr"", ""range_mult"": 0.7}",1D
8771,17,375906356.0333,1.2379,47.7825,0.7507,-0.3525,0.7507,8.1762,-6.0441,-99.9734,3760062.3343,2.9999,2.9999,DOGEUSDT,LINKUSDT,True,CRABEL,"{""direction"": ""both"", ""exit"": ""time3"", ""range_mult"": 1.1}",1D
5770,17,6143599381.2843,1.2325,50.6239,0.7006,0.0997,0.7006,7.3364,-6.103,-99.1519,61961473.8265,2.6438,2.6438,ETHUSDT,DOTUSDT,False,CRABEL,"{""direction"": ""long"", ""exit"": ""atr"", ""range_mult"": 0.9}",1D
10237,17,992352437.5035,1.2296,46.498,0.2791,-0.1793,0.2791,3.2143,-2.2718,-88.3608,11230681.0232,0.0,0.0,ETHUSDT,DOTUSDT,False,CRABEL,"{""direction"": ""both"", ""exit"": ""close_exit"", ""range_mult"": 1.0}",1D
7436,17,2192874.2718,1.2294,47.7945,0.7299,-0.37,0.7299,8.185,-6.0953,-99.9905,21930.8303,2.9999,2.9999,AVAXUSDT,LINKUSDT,True,CRABEL,"{""direction"": ""both"", ""exit"": ""time3"", ""range_mult"": 1.2}",1D
6733,17,11105218816.1406,1.2195,50.5124,0.6646,0.092,0.6646,7.3101,-6.1186,-99.1155,112043178.8877,2.6525,2.6525,BNBUSDT,OPUSDT,False,CRABEL,"{""direction"": ""long"", ""exit"": ""atr"", ""range_mult"": 0.8}",1D
13920,17,3.5130209748522624e+16,1.2147,49.3463,0.6652,-0.1035,0.6652,7.6268,-6.1168,-98.15,357923786614832.4,2.6763,2.6763,SOLUSDT,XRPUSDT,False,CRABEL,"{""direction"": ""both"", ""exit"": ""atr"", ""range_mult"": 0.8}",1D
7187,17,316339541.8729,1.2104,48.2538,0.6657,-0.2863,0.6657,7.9374,-6.1152,-99.4737,3180133.6023,2.6986,2.6986,APTUSDT,BNBUSDT,False,CRABEL,"{""direction"": ""short"", ""exit"": ""atr"", ""range_mult"": 0.8}",1D
11942,17,2265505315794.305,1.2014,49.3468,0.633,-0.0998,0.633,7.6537,-6.2066,-98.6363,22968262163.4912,2.663,2.663,APTUSDT,LINKUSDT,False,CRABEL,"{""direction"": ""both"", ""exit"": ""atr"", ""range_mult"": 0.9}",1D
8345,17,5699415.0354,1.189,45.716,0.2269,-0.2102,0.2269,3.1212,-2.2107,-78.2658,72821.2322,0.0,0.0,ETHUSDT,DOTUSDT,False,CRABEL,"{""direction"": ""short"", ""exit"": ""close_exit"", ""range_mult"": 0.7}",1D
4987,17,668028.743,1.1837,49.7293,0.5724,-0.0389,0.5724,7.4178,-6.1993,-99.8749,6688.6529,2.617,2.617,ETHUSDT,LTCUSDT,False,CRABEL,"{""direction"": ""long"", ""exit"": ""atr"", ""range_mult"": 1.0}",1D
6172,17,36775.8628,1.1745,48.1529,0.5699,-0.3513,0.5699,7.9655,-6.2988,-99.9171,368.0636,2.6808,2.6808,APTUSDT,ETHUSDT,False,CRABEL,"{""direction"": ""short"", ""exit"": ""atr"", ""range_mult"": 0.9}",1D
10237,17,16462145.1906,1.1738,48.6178,0.5571,-0.2219,0.5571,7.7407,-6.24,-99.9866,164643.455,2.6418,2.6418,NEARUSDT,LINKUSDT,False,CRABEL,"{""direction"": ""both"", ""exit"": ""atr"", ""range_mult"": 1.0}",1D
8771,17,142137.9751,1.1678,45.4224,0.2141,-0.2226,0.2141,3.2808,-2.3382,-92.5493,1535.809,0.0,0.0,OPUSDT,SOLUSDT,False,CRABEL,"{""direction"": ""both"", ""exit"": ""close_exit"", ""range_mult"": 1.1}",1D
5250,17,2363.9331,1.1648,47.5619,0.5426,-0.3989,0.5426,8.0614,-6.277,-99.9867,23.6425,2.6653,2.6653,APTUSDT,LINKUSDT,True,CRABEL,"{""direction"": ""short"", ""exit"": ""atr"", ""range_mult"": 1.0}",1D
4282,17,11256.196,1.1613,48.8323,0.5145,-0.1989,0.5145,7.5854,-6.2336,-99.7296,112.8671,2.5829,2.5829,ETHUSDT,LTCUSDT,False,CRABEL,"{""direction"": ""long"", ""exit"": ""atr"", ""range_mult"": 1.1}",1D
7436,17,8832.4221,1.1522,45.468,0.1996,-0.2338,0.1996,3.3239,-2.4054,-93.6075,94.356,0.0,0.0,OPUSDT,LINKUSDT,False,CRABEL,"{""direction"": ""both"", ""exit"": ""close_exit"", ""range_mult"": 1.2}",1D
8771,17,-62.1282,1.1334,47.5658,0.4412,-0.4026,0.4412,7.8832,-6.3099,-99.9989,-0.6213,2.6166,2.6166,OPUSDT,LINKUSDT,True,CRABEL,"{""direction"": ""both"", ""exit"": ""atr"", ""range_mult"": 1.1}",1D
8345,17,-99.837,1.1317,48.3883,0.4167,-0.2641,0.4167,7.397,-6.1277,-100.0,-0.9984,2.9999,2.9999,ARBUSDT,BNBUSDT,False,CRABEL,"{""direction"": ""short"", ""exit"": ""time3"", ""range_mult"": 0.7}",1D
3617,17,-15.0239,1.1235,48.825,0.4027,-0.2802,0.4027,7.5041,-6.3727,-99.9516,-0.1503,2.5488,2.5488,NEARUSDT,LINKUSDT,False,CRABEL,"{""direction"": ""long"", ""exit"": ""atr"", ""range_mult"": 1.2}",1D
4489,17,-99.6665,1.1085,46.3578,0.3712,-0.5867,0.3712,8.1825,-6.3793,-100.0,-0.9967,2.6487,2.6487,OPUSDT,LINKUSDT,True,CRABEL,"{""direction"": ""short"", ""exit"": ""atr"", ""range_mult"": 1.1}",1D
7436,17,-99.93,1.1071,47.2969,0.3608,-0.4582,0.3608,7.8839,-6.3906,-100.0,-0.9993,2.5937,2.5937,OPUSDT,LINKUSDT,False,CRABEL,"{""direction"": ""both"", ""exit"": ""atr"", ""range_mult"": 1.2}",1D
7187,17,-99.9994,1.1018,47.7111,0.3251,-0.3391,0.3251,7.3739,-6.1066,-100.0,-1.0,2.9999,2.9999,APTUSDT,BNBUSDT,False,CRABEL,"{""direction"": ""short"", ""exit"": ""time3"", ""range_mult"": 0.8}",1D
3819,17,-99.9177,1.0926,45.8497,0.3211,-0.6034,0.3211,8.2668,-6.4067,-100.0,-0.9992,2.6363,2.6363,ARBUSDT,XRPUSDT,False,CRABEL,"{""direction"": ""short"", ""exit"": ""atr"", ""range_mult"": 1.2}",1D
7187,17,167.439,1.0891,44.7057,0.114,-0.2787,0.114,3.1165,-2.3135,-95.6546,1.7505,0.0,0.0,LINKUSDT,DOTUSDT,False,CRABEL,"{""direction"": ""short"", ""exit"": ""close_exit"", ""range_mult"": 0.8}",1D
6172,17,-100.0,1.0619,47.5535,0.2027,-0.427,0.2027,7.3111,-6.2426,-100.0,-1.0,2.9998,2.9998,APTUSDT,DOGEUSDT,True,CRABEL,"{""direction"": ""short"", ""exit"": ""time3"", ""range_mult"": 0.9}",1D
5250,17,-100.0,1.0534,46.9714,0.176,-0.4623,0.176,7.3905,-6.2145,-100.0,-1.0,2.9998,2.9998,APTUSDT,DOGEUSDT,True,CRABEL,"{""direction"": ""short"", ""exit"": ""time3"", ""range_mult"": 1.0}",1D
6172,17,-97.9418,1.031,43.989,0.041,-0.3201,0.041,3.1025,-2.3634,-99.7113,-0.9823,0.0,0.0,LINKUSDT,DOTUSDT,False,CRABEL,"{""direction"": ""short"", ""exit"": ""close_exit"", ""range_mult"": 0.9}",1D
4489,17,-100.0,1.0048,46.0236,0.0161,-0.6069,0.0161,7.3646,-6.2496,-100.0,-1.0,3.0,3.0,AVAXUSDT,XRPUSDT,False,CRABEL,"{""direction"": ""short"", ""exit"": ""time3"", ""range_mult"": 1.1}",1D
5250,17,-99.9176,0.982,43.0667,-0.0249,-0.352,-0.0249,3.1621,-2.4357,-99.9895,-0.9993,0.0,0.0,POLUSDT,XRPUSDT,False,CRABEL,"{""direction"": ""short"", ""exit"": ""close_exit"", ""range_mult"": 1.0}",1D
3819,17,-100.0,0.977,45.6664,-0.0783,-0.6034,-0.0783,7.2757,-6.2591,-100.0,-1.0,3.0,3.0,AVAXUSDT,XRPUSDT,False,CRABEL,"{""direction"": ""short"", ""exit"": ""time3"", ""range_mult"": 1.2}",1D
4489,17,-99.9938,0.9321,42.1252,-0.0989,-0.4209,-0.0989,3.2203,-2.5148,-99.9992,-0.9999,0.0,0.0,OPUSDT,XRPUSDT,False,CRABEL,"{""direction"": ""short"", ""exit"": ""close_exit"", ""range_mult"": 1.1}",1D
3819,17,-99.9967,0.9007,41.7125,-0.15,-0.4445,-0.15,3.2625,-2.5921,-99.9994,-1.0,0.0,0.0,TRXUSDT,XRPUSDT,False,CRABEL,"{""direction"": ""short"", ""exit"": ""close_exit"", ""range_mult"": 1.2}",1D
739,17,6748588.8632,1.7252,45.4668,3.6034,-2.0955,3.6034,18.8539,-9.1116,-90.0647,74930.4275,9.6617,9.6617,DOGEUSDT,DOTUSDT,False,BIGBELUGA,"{""atr_len"": 14, ""atr_mult"": 2, ""hold"": 12, ""mode"": ""combined"", ""ms"": 10, ""pivot_delay"": 3, ""rsi"": 14}",1D
742,17,5386643.3294,1.7197,44.6092,3.5451,-2.3942,3.5451,18.9894,-8.8931,-89.6336,60096.2675,9.5445,9.5445,DOGEUSDT,DOTUSDT,False,BIGBELUGA,"{""atr_len"": 10, ""atr_mult"": 2, ""hold"": 12, ""mode"": ""combined"", ""ms"": 10, ""pivot_delay"": 3, ""rsi"": 14}",1D
715,17,1071075.8159,1.6686,46.8531,3.6229,-1.3489,3.6229,19.2975,-10.1955,-87.4802,12243.6422,10.758,10.758,DOGEUSDT,DOTUSDT,False,BIGBELUGA,"{""atr_len"": 10, ""atr_mult"": 3, ""hold"": 12, ""mode"": ""combined"", ""ms"": 10, ""pivot_delay"": 3, ""rsi"": 14}",1D
737,17,1518119.2271,1.6641,45.9973,3.4521,-1.9119,3.4521,18.8067,-9.6263,-83.5035,18180.3031,9.8562,9.8562,DOGEUSDT,ADAUSDT,False,BIGBELUGA,"{""atr_len"": 21, ""atr_mult"": 2, ""hold"": 12, ""mode"": ""combined"", ""ms"": 10, ""pivot_delay"": 3, ""rsi"": 14}",1D
701,17,331853.9166,1.6428,47.5036,3.5719,-1.1484,3.5719,19.2162,-10.5845,-94.9568,3494.787,11.1398,11.1398,DOGEUSDT,DOTUSDT,False,BIGBELUGA,"{""atr_len"": 21, ""atr_mult"": 3, ""hold"": 12, ""mode"": ""combined"", ""ms"": 10, ""pivot_delay"": 3, ""rsi"": 14}",1D
711,17,198605.4263,1.6142,46.5541,3.4275,-1.3534,3.4275,19.3487,-10.4407,-93.2858,2129.0007,10.9212,10.9212,DOGEUSDT,DOTUSDT,False,BIGBELUGA,"{""atr_len"": 14, ""atr_mult"": 3, ""hold"": 12, ""mode"": ""combined"", ""ms"": 10, ""pivot_delay"": 3, ""rsi"": 14}",1D
865,17,3943.4177,1.4357,47.1676,2.4114,-1.1052,2.4114,16.8459,-10.4753,-98.6741,39.9641,11.1803,11.1803,XRPUSDT,ADAUSDT,False,BIGBELUGA,"{""atr_len"": 21, ""atr_mult"": 3, ""hold"": 12, ""mode"": ""combined"", ""ms"": 5, ""pivot_delay"": 3, ""rsi"": 14}",1D
1788,17,55671995.0476,1.4332,42.5615,2.39,-2.8047,2.39,18.5771,-9.6045,-99.9899,556775.9551,9.321,9.321,AVAXUSDT,LTCUSDT,True,BIGBELUGA,"{""atr_len"": 10, ""atr_mult"": 2, ""hold"": 12, ""mode"": ""choch"", ""ms"": 10, ""pivot_delay"": 1, ""rsi"": 14}",1D
1777,17,13154025.2897,1.4231,42.7124,2.3732,-2.6912,2.3732,18.6886,-9.7912,-99.9852,131559.7535,9.4378,9.4378,AVAXUSDT,LTCUSDT,True,BIGBELUGA,"{""atr_len"": 14, ""atr_mult"": 2, ""hold"": 12, ""mode"": ""choch"", ""ms"": 10, ""pivot_delay"": 1, ""rsi"": 14}",1D
1659,17,2436762.5068,1.4164,45.6299,2.425,-1.5553,2.425,18.0774,-10.7113,-99.9969,24368.3836,10.6817,10.6817,AVAXUSDT,LTCUSDT,True,BIGBELUGA,"{""atr_len"": 10, ""atr_mult"": 3, ""hold"": 12, ""mode"": ""choch"", ""ms"": 10, ""pivot_delay"": 1, ""rsi"": 14}",1D
920,17,5321.4485,1.4136,44.1304,2.1453,-2.3428,2.1453,16.6136,-9.283,-97.8547,54.3811,9.5033,9.5033,SOLUSDT,ADAUSDT,False,BIGBELUGA,"{""atr_len"": 10, ""atr_mult"": 2, ""hold"": 12, ""mode"": ""combined"", ""ms"": 5, ""pivot_delay"": 3, ""rsi"": 14}",1D
1638,17,647412.4604,1.4064,45.9707,2.4078,-1.4403,2.4078,18.1264,-10.9663,-99.9965,6474.353,10.9133,10.9133,AVAXUSDT,LTCUSDT,True,BIGBELUGA,"{""atr_len"": 21, ""atr_mult"": 3, ""hold"": 12, ""mode"": ""choch"", ""ms"": 10, ""pivot_delay"": 1, ""rsi"": 14}",1D
915,17,3659.4102,1.4046,44.4809,2.1384,-2.2648,2.1384,16.6906,-9.5206,-98.6531,37.0937,9.6339,9.6339,SOLUSDT,ADAUSDT,False,BIGBELUGA,"{""atr_len"": 14, ""atr_mult"": 2, ""hold"": 12, ""mode"": ""combined"", ""ms"": 5, ""pivot_delay"": 3, ""rsi"": 14}",1D
903,17,2644.0877,1.4009,45.2935,2.1693,-1.8303,2.1693,16.7372,-9.8919,-96.3129,27.4531,9.9192,9.9192,SOLUSDT,ADAUSDT,False,BIGBELUGA,"{""atr_len"": 21, ""atr_mult"": 2, ""hold"": 12, ""mode"": ""combined"", ""ms"": 5, ""pivot_delay"": 3, ""rsi"": 14}",1D
1500,17,20818.3071,1.3965,46.0,2.3454,-1.5245,2.3454,17.9584,-10.9546,-99.9959,208.1915,10.5573,10.5573,NEARUSDT,LTCUSDT,False,BIGBELUGA,"{""atr_len"": 10, ""atr_mult"": 3, ""hold"": 12, ""mode"": ""choch"", ""ms"": 10, ""pivot_delay"": 3, ""rsi"": 14}",1D
1473,17,13609.3204,1.3926,46.6395,2.3286,-1.2085,2.3286,17.7086,-11.1143,-99.9933,136.1023,10.871,10.871,NEARUSDT,LTCUSDT,False,BIGBELUGA,"{""atr_len"": 21, ""atr_mult"": 3, ""hold"": 12, ""mode"": ""choch"", ""ms"": 10, ""pivot_delay"": 3, ""rsi"": 14}",1D
1649,17,305996.6081,1.39,45.7247,2.2961,-1.5367,2.2961,17.8985,-10.8483,-99.9976,3060.0398,10.7926,10.7926,AVAXUSDT,LTCUSDT,True,BIGBELUGA,"{""atr_len"": 14, ""atr_mult"": 3, ""hold"": 12, ""mode"": ""choch"", ""ms"": 10, ""pivot_delay"": 1, ""rsi"": 14}",1D
880,17,668.1461,1.3853,46.0227,2.1603,-1.3512,2.1603,16.8777,-10.3883,-99.4696,6.7171,10.8023,10.8023,XRPUSDT,ADAUSDT,False,BIGBELUGA,"{""atr_len"": 10, ""atr_mult"": 3, ""hold"": 12, ""mode"": ""combined"", ""ms"": 5, ""pivot_delay"": 3, ""rsi"": 14}",1D
1490,17,7709.1578,1.3799,46.1074,2.2547,-1.3877,2.2547,17.7626,-11.0129,-99.9971,77.0938,10.6295,10.6295,AVAXUSDT,LTCUSDT,False,BIGBELUGA,"{""atr_len"": 14, ""atr_mult"": 3, ""hold"": 12, ""mode"": ""choch"", ""ms"": 10, ""pivot_delay"": 3, ""rsi"": 14}",1D
1819,17,1333273.3889,1.3794,45.6295,2.0829,-2.4107,2.0829,16.5953,-10.0965,-98.2441,13571.0266,9.6526,9.6526,AVAXUSDT,LTCUSDT,False,BIGBELUGA,"{""atr_len"": 21, ""atr_mult"": 2, ""hold"": 12, ""mode"": ""choch"", ""ms"": 5, ""pivot_delay"": 3, ""rsi"": 14}",1D
1573,17,181485.7302,1.3763,44.3738,2.0503,-2.7687,2.0503,16.9002,-9.7957,-99.5335,1823.3633,9.5779,9.5779,AVAXUSDT,LTCUSDT,True,BIGBELUGA,"{""atr_len"": 21, ""atr_mult"": 2, ""hold"": 12, ""mode"": ""choch"", ""ms"": 10, ""pivot_delay"": 3, ""rsi"": 14}",1D
1763,17,275712.0876,1.3748,42.6546,2.1502,-2.7083,2.1502,18.4915,-10.0047,-99.994,2757.286,9.5122,9.5122,AVAXUSDT,LTCUSDT,True,BIGBELUGA,"{""atr_len"": 21, ""atr_mult"": 2, ""hold"": 12, ""mode"": ""choch"", ""ms"": 10, ""pivot_delay"": 1, ""rsi"": 14}",1D
1599,17,221585.8746,1.3747,43.0894,2.0383,-3.0683,2.0383,17.3561,-9.5595,-99.9856,2216.179,9.3265,9.3265,AVAXUSDT,LTCUSDT,True,BIGBELUGA,"{""atr_len"": 14, ""atr_mult"": 2, ""hold"": 12, ""mode"": ""choch"", ""ms"": 10, ""pivot_delay"": 3, ""rsi"": 14}",1D
2089,17,2257483.0939,1.373,43.9923,2.0943,-2.4267,2.0943,17.5252,-10.0261,-99.9581,22584.3002,9.4007,9.4007,AVAXUSDT,LTCUSDT,True,BIGBELUGA,"{""atr_len"": 10, ""atr_mult"": 2, ""hold"": 12, ""mode"": ""choch"", ""ms"": 5, ""pivot_delay"": 1, ""rsi"": 14}",1D
2077,17,955173.3958,1.3727,43.9576,2.1023,-2.3833,2.1023,17.6155,-10.0657,-99.9803,9553.6162,9.5498,9.5498,AVAXUSDT,LTCUSDT,True,BIGBELUGA,"{""atr_len"": 14, ""atr_mult"": 2, ""hold"": 12, ""mode"": ""choch"", ""ms"": 5, ""pivot_delay"": 1, ""rsi"": 14}",1D
1917,17,20862.7208,1.3563,47.3135,2.1179,-0.7792,2.1179,17.0402,-11.2826,-99.9926,208.6426,10.8858,10.8858,AVAXUSDT,LINKUSDT,False,BIGBELUGA,"{""atr_len"": 21, ""atr_mult"": 3, ""hold"": 12, ""mode"": ""choch"", ""ms"": 5, ""pivot_delay"": 1, ""rsi"": 14}",1D
874,17,90.8777,1.3548,45.9954,2.0365,-1.3425,2.0365,16.9048,-10.6269,-99.7995,0.9106,10.9142,10.9142,XRPUSDT,DOTUSDT,False,BIGBELUGA,"{""atr_len"": 14, ""atr_mult"": 3, ""hold"": 12, ""mode"": ""combined"", ""ms"": 5, ""pivot_delay"": 3, ""rsi"": 14}",1D
1609,17,35741.265,1.3484,42.6973,1.8884,-3.2692,1.8884,17.1187,-9.46,-99.9945,357.4322,9.2436,9.2436,AVAXUSDT,LINKUSDT,False,BIGBELUGA,"{""atr_len"": 10, ""atr_mult"": 2, ""hold"": 12, ""mode"": ""choch"", ""ms"": 10, ""pivot_delay"": 3, ""rsi"": 14}",1D
1934,17,5811.1511,1.3396,47.3113,2.0042,-0.8888,2.0042,16.7101,-11.2007,-99.9946,58.1146,10.7549,10.7549,AVAXUSDT,LINKUSDT,True,BIGBELUGA,"{""atr_len"": 10, ""atr_mult"": 3, ""hold"": 12, ""mode"": ""choch"", ""ms"": 5, ""pivot_delay"": 1, ""rsi"": 14}",1D
790,17,1887.3038,1.3341,41.3924,1.7802,-2.7787,1.7802,17.1724,-9.0908,-95.9673,19.6661,9.4747,9.4747,SOLUSDT,DOTUSDT,False,BIGBELUGA,"{""atr_len"": 10, ""atr_mult"": 2, ""hold"": 12, ""mode"": ""combined"", ""ms"": 10, ""pivot_delay"": 1, ""rsi"": 14}",1D
2073,17,16730.9438,1.3308,43.8495,1.8936,-2.3899,1.8936,17.3744,-10.1958,-99.9961,167.316,9.63,9.63,AVAXUSDT,LTCUSDT,True,BIGBELUGA,"{""atr_len"": 21, ""atr_mult"": 2, ""hold"": 12, ""mode"": ""choch"", ""ms"": 5, ""pivot_delay"": 1, ""rsi"": 14}",1D
1933,17,1915.4221,1.3261,46.8702,1.9279,-0.9504,1.9279,16.7258,-11.1265,-99.9911,19.1559,10.8629,10.8629,AVAXUSDT,LINKUSDT,True,BIGBELUGA,"{""atr_len"": 14, ""atr_mult"": 3, ""hold"": 12, ""mode"": ""choch"", ""ms"": 5, ""pivot_delay"": 1, ""rsi"": 14}",1D
1709,17,275.4537,1.3098,46.0503,1.8101,-1.3489,1.8101,16.6191,-10.8306,-99.9648,2.7555,10.9011,10.9011,AVAXUSDT,LTCUSDT,True,BIGBELUGA,"{""atr_len"": 21, ""atr_mult"": 3, ""hold"": 12, ""mode"": ""choch"", ""ms"": 5, ""pivot_delay"": 3, ""rsi"": 14}",1D
1851,17,3720.4617,1.3001,44.3004,1.6537,-2.9962,1.6537,16.1717,-9.8932,-99.9595,37.2197,9.436,9.436,AVAXUSDT,DOTUSDT,False,BIGBELUGA,"{""atr_len"": 14, ""atr_mult"": 2, ""hold"": 12, ""mode"": ""choch"", ""ms"": 5, ""pivot_delay"": 3, ""rsi"": 14}",1D
743,17,178.529,1.2999,44.5491,1.7461,-1.6188,1.7461,16.9896,-10.5005,-98.1612,1.8187,11.0404,11.0404,AVAXUSDT,ETHUSDT,False,BIGBELUGA,"{""atr_len"": 21, ""atr_mult"": 3, ""hold"": 12, ""mode"": ""combined"", ""ms"": 10, ""pivot_delay"": 1, ""rsi"": 14}",1D
755,17,169.5566,1.2935,43.9735,1.7028,-1.6757,1.7028,17.0672,-10.3563,-97.5024,1.739,10.7722,10.7722,AVAXUSDT,LTCUSDT,False,BIGBELUGA,"{""atr_len"": 10, ""atr_mult"": 3, ""hold"": 12, ""mode"": ""combined"", ""ms"": 10, ""pivot_delay"": 1, ""rsi"": 14}",1D
751,17,147.6169,1.2924,44.2077,1.701,-1.665,1.701,17.006,-10.4261,-97.8877,1.508,10.9174,10.9174,AVAXUSDT,LTCUSDT,False,BIGBELUGA,"{""atr_len"": 14, ""atr_mult"": 3, ""hold"": 12, ""mode"": ""combined"", ""ms"": 10, ""pivot_delay"": 1, ""rsi"": 14}",1D
1725,17,3.4179,1.2915,45.6232,1.7099,-1.5184,1.7099,16.6038,-10.7863,-99.8742,0.0342,10.7623,10.7623,AVAXUSDT,LTCUSDT,True,BIGBELUGA,"{""atr_len"": 14, ""atr_mult"": 3, ""hold"": 12, ""mode"": ""choch"", ""ms"": 5, ""pivot_delay"": 3, ""rsi"": 14}",1D
923,17,66.4039,1.285,46.4789,1.6366,-0.9583,1.6366,15.8749,-10.7283,-99.6124,0.6666,11.0444,11.0444,OPUSDT,DOGEUSDT,False,BIGBELUGA,"{""atr_len"": 21, ""atr_mult"": 3, ""hold"": 12, ""mode"": ""combined"", ""ms"": 5, ""pivot_delay"": 1, ""rsi"": 14}",1D
969,17,414.0396,1.2832,43.2405,1.5105,-2.1722,1.5105,15.8284,-9.3972,-98.9922,4.1825,9.547,9.547,SOLUSDT,LTCUSDT,False,BIGBELUGA,"{""atr_len"": 10, ""atr_mult"": 2, ""hold"": 12, ""mode"": ""combined"", ""ms"": 5, ""pivot_delay"": 1, ""rsi"": 14}",1D
933,17,32.6777,1.2746,46.0879,1.5807,-1.0829,1.5807,15.9213,-10.6788,-99.625,0.328,10.8349,10.8349,SOLUSDT,LTCUSDT,False,BIGBELUGA,"{""atr_len"": 10, ""atr_mult"": 3, ""hold"": 12, ""mode"": ""combined"", ""ms"": 5, ""pivot_delay"": 1, ""rsi"": 14}",1D
788,17,45.4604,1.2664,40.8629,1.4831,-3.0581,1.4831,17.2524,-9.4133,-97.5628,0.466,9.5241,9.5241,LINKUSDT,DOTUSDT,False,BIGBELUGA,"{""atr_len"": 14, ""atr_mult"": 2, ""hold"": 12, ""mode"": ""combined"", ""ms"": 10, ""pivot_delay"": 1, ""rsi"": 14}",1D
1871,17,-44.903,1.2525,43.2924,1.4071,-3.1872,1.4071,16.1223,-9.827,-99.9814,-0.4491,9.3169,9.3169,AVAXUSDT,DOTUSDT,False,BIGBELUGA,"{""atr_len"": 10, ""atr_mult"": 2, ""hold"": 12, ""mode"": ""choch"", ""ms"": 5, ""pivot_delay"": 3, ""rsi"": 14}",1D
970,17,-10.9144,1.247,43.1959,1.3565,-2.1833,1.3565,15.8549,-9.6685,-99.362,-0.1098,9.6412,9.6412,LINKUSDT,LTCUSDT,False,BIGBELUGA,"{""atr_len"": 14, ""atr_mult"": 2, ""hold"": 12, ""mode"": ""combined"", ""ms"": 5, ""pivot_delay"": 1, ""rsi"": 14}",1D
1733,17,-98.9709,1.2419,45.2395,1.4548,-1.769,1.4548,16.5088,-10.9818,-99.8843,-0.9909,10.637,10.637,AVAXUSDT,LTCUSDT,True,BIGBELUGA,"{""atr_len"": 10, ""atr_mult"": 3, ""hold"": 12, ""mode"": ""choch"", ""ms"": 5, ""pivot_delay"": 3, ""rsi"": 14}",1D
958,17,-48.7717,1.2356,43.8413,1.316,-1.8885,1.316,15.7413,-9.9454,-99.828,-0.4886,9.8967,9.8967,AVAXUSDT,LTCUSDT,False,BIGBELUGA,"{""atr_len"": 21, ""atr_mult"": 2, ""hold"": 12, ""mode"": ""combined"", ""ms"": 5, ""pivot_delay"": 1, ""rsi"": 14}",1D
932,17,-82.8208,1.2351,45.7082,1.38,-1.1626,1.38,15.8602,-10.8109,-99.8948,-0.8291,10.927,10.927,OPUSDT,LTCUSDT,False,BIGBELUGA,"{""atr_len"": 14, ""atr_mult"": 3, ""hold"": 12, ""mode"": ""combined"", ""ms"": 5, ""pivot_delay"": 1, ""rsi"": 14}",1D
776,17,-65.8345,1.2286,41.4948,1.3168,-2.6877,1.3168,17.0586,-9.848,-99.1042,-0.6643,9.7139,9.7139,AVAXUSDT,OPUSDT,False,BIGBELUGA,"{""atr_len"": 21, ""atr_mult"": 2, ""hold"": 12, ""mode"": ""combined"", ""ms"": 10, ""pivot_delay"": 1, ""rsi"": 14}",1D
874,17,6732.5051,1.3557,66.3616,1.052,1.9516,1.052,6.0426,-8.7932,-91.8211,73.322,4.1396,4.1396,ADAUSDT,DOGEUSDT,False,LINDA_5SMA,"{""atr_stop"": 0, ""hold"": 10, ""sma"": 8, ""trend"": ""sma200""}",1D
1155,17,5778.5183,1.3001,63.3766,0.8263,1.4842,0.8263,5.6488,-7.5192,-89.374,64.6555,3.1714,3.1714,ETHUSDT,DOGEUSDT,True,LINDA_5SMA,"{""atr_stop"": 0, ""hold"": 10, ""sma"": 5, ""trend"": ""sma200""}",1D
1226,17,596.8408,1.2274,65.4976,0.7064,1.8486,0.7064,5.8218,-9.0043,-93.8112,6.3621,4.2455,4.2455,ETHUSDT,SOLUSDT,False,LINDA_5SMA,"{""atr_stop"": 0, ""hold"": 10, ""sma"": 8, ""trend"": ""sma50""}",1D
874,17,506.6509,1.2196,65.9039,0.7166,1.9164,0.7166,6.0386,-9.5701,-97.9929,5.1703,3.2643,3.2643,ETHUSDT,DOTUSDT,False,LINDA_5SMA,"{""atr_stop"": 2, ""hold"": 10, ""sma"": 8, ""trend"": ""sma200""}",1D
1617,17,491.293,1.1969,61.7811,0.5607,1.3856,0.5607,5.5173,-7.4515,-94.5077,5.1984,3.2727,3.2727,ETHUSDT,DOTUSDT,True,LINDA_5SMA,"{""atr_stop"": 0, ""hold"": 10, ""sma"": 5, ""trend"": ""sma50""}",1D
1226,17,-4.9928,1.1412,65.0082,0.4691,1.8406,0.4691,5.8299,-9.4903,-98.2458,-0.0508,3.2716,3.2716,ETHUSDT,DOTUSDT,False,LINDA_5SMA,"{""atr_stop"": 2, ""hold"": 10, ""sma"": 8, ""trend"": ""sma50""}",1D
1155,17,-73.6008,1.1136,62.7706,0.3605,1.4525,0.3605,5.6316,-8.5268,-99.5306,-0.7395,2.5576,2.5576,ETHUSDT,DOGEUSDT,True,LINDA_5SMA,"{""atr_stop"": 2, ""hold"": 10, ""sma"": 5, ""trend"": ""sma200""}",1D
1617,17,-94.0612,1.0809,61.2863,0.2526,1.3495,0.2526,5.5086,-8.068,-99.7841,-0.9426,2.5788,2.5788,ETHUSDT,DOGEUSDT,True,LINDA_5SMA,"{""atr_stop"": 2, ""hold"": 10, ""sma"": 5, ""trend"": ""sma50""}",1D
326,17,14344.6541,1.5289,42.9448,3.2872,-4.663,3.2872,22.1269,-10.8933,-87.9501,163.0999,12.2883,12.2883,BNBUSDT,XRPUSDT,False,MARTIN_LUKE,"{""anchor_lb"": 20, ""hold"": 20, ""tol"": 0.015}",1D
326,17,14344.6541,1.5289,42.9448,3.2872,-4.663,3.2872,22.1269,-10.8933,-87.9501,163.0999,12.2883,12.2883,BNBUSDT,XRPUSDT,False,MARTIN_LUKE,"{""anchor_lb"": 50, ""hold"": 20, ""tol"": 0.015}",1D
325,17,11544.4237,1.516,42.4615,3.231,-5.1682,3.231,22.3564,-10.8828,-87.9501,131.261,12.2554,12.2554,TRXUSDT,XRPUSDT,False,MARTIN_LUKE,"{""anchor_lb"": 100, ""hold"": 20, ""tol"": 0.015}",1D
433,17,750.2951,1.3401,40.1848,2.2688,-4.7166,2.2688,22.2464,-11.1524,-94.7444,7.9191,12.3233,12.3233,ADAUSDT,XRPUSDT,False,MARTIN_LUKE,"{""anchor_lb"": 20, ""hold"": 20, ""tol"": 0.025}",1D
433,17,750.2951,1.3401,40.1848,2.2688,-4.7166,2.2688,22.2464,-11.1524,-94.7444,7.9191,12.3233,12.3233,ADAUSDT,XRPUSDT,False,MARTIN_LUKE,"{""anchor_lb"": 50, ""hold"": 20, ""tol"": 0.025}",1D
431,17,546.0954,1.3286,39.9072,2.2067,-5.1682,2.2067,22.3595,-11.1766,-94.7444,5.7639,12.2459,12.2459,ADAUSDT,XRPUSDT,False,MARTIN_LUKE,"{""anchor_lb"": 100, ""hold"": 20, ""tol"": 0.025}",1D
388,17,293.7763,1.2911,43.5567,1.5367,-2.5142,1.5367,15.6455,-9.351,-80.6757,3.6414,7.7448,7.7448,NEARUSDT,XRPUSDT,False,MARTIN_LUKE,"{""anchor_lb"": 20, ""hold"": 10, ""tol"": 0.015}",1D
388,17,293.7763,1.2911,43.5567,1.5367,-2.5142,1.5367,15.6455,-9.351,-80.6757,3.6414,7.7448,7.7448,NEARUSDT,XRPUSDT,False,MARTIN_LUKE,"{""anchor_lb"": 50, ""hold"": 10, ""tol"": 0.015}",1D
387,17,277.573,1.2891,43.4109,1.5296,-2.5257,1.5296,15.7131,-9.351,-81.4463,3.4081,7.739,7.739,NEARUSDT,XRPUSDT,False,MARTIN_LUKE,"{""anchor_lb"": 100, ""hold"": 10, ""tol"": 0.015}",1D
534,17,-71.8581,1.1762,42.6966,0.9866,-2.9256,0.9866,15.4221,-9.7692,-95.9416,-0.749,7.7172,7.7172,ADAUSDT,XRPUSDT,False,MARTIN_LUKE,"{""anchor_lb"": 20, ""hold"": 10, ""tol"": 0.025}",1D
534,17,-71.8581,1.1762,42.6966,0.9866,-2.9256,0.9866,15.4221,-9.7692,-95.9416,-0.749,7.7172,7.7172,ADAUSDT,XRPUSDT,False,MARTIN_LUKE,"{""anchor_lb"": 50, ""hold"": 10, ""tol"": 0.025}",1D
530,17,-74.813,1.1725,42.4528,0.9722,-3.0293,0.9722,15.5678,-9.795,-96.118,-0.7783,7.7,7.7,ADAUSDT,XRPUSDT,False,MARTIN_LUKE,"{""anchor_lb"": 100, ""hold"": 10, ""tol"": 0.025}",1D
457594,17,-100.0,0.8687,42.1415,-0.0376,-0.1514,-0.0376,0.59,-0.4947,-100.0,-1.0,8.2221,8.2221,OPUSDT,TRXUSDT,False,LBR_COIL,"{""atr_stop"": 1.5, ""hold"": 12, ""inside"": false, ""nr"": 7, ""target_r"": 2.0}",5m
183538,17,-100.0,0.8559,41.9248,-0.0399,-0.1457,-0.0399,0.5651,-0.4766,-100.0,-1.0,8.1662,8.1662,DOGEUSDT,TRXUSDT,False,LBR_COIL,"{""atr_stop"": 1.5, ""hold"": 12, ""inside"": true, ""nr"": 7, ""target_r"": 2.0}",5m
706241,17,-100.0,0.8527,41.692,-0.0429,-0.1682,-0.0429,0.596,-0.4998,-100.0,-1.0,8.0729,8.0729,OPUSDT,BTCUSDT,False,LBR_COIL,"{""atr_stop"": 1.5, ""hold"": 12, ""inside"": false, ""nr"": 4, ""target_r"": 2.0}",5m
263704,17,-100.0,0.8435,41.558,-0.0441,-0.1602,-0.0441,0.5721,-0.4823,-100.0,-1.0,8.0482,8.0482,DOGEUSDT,TRXUSDT,False,LBR_COIL,"{""atr_stop"": 1.5, ""hold"": 12, ""inside"": true, ""nr"": 4, ""target_r"": 2.0}",5m
457594,17,-100.0,0.834,41.7464,-0.0411,-0.2252,-0.0411,0.4949,-0.4253,-100.0,-1.0,5.4888,5.4888,OPUSDT,TRXUSDT,False,LBR_COIL,"{""atr_stop"": 1.0, ""hold"": 12, ""inside"": false, ""nr"": 7, ""target_r"": 2.0}",5m
457594,17,-100.0,0.8266,53.3892,-0.0421,0.0513,-0.0421,0.3763,-0.5214,-100.0,-1.0,5.5968,5.5968,OPUSDT,TRXUSDT,False,LBR_COIL,"{""atr_stop"": 1.5, ""hold"": 12, ""inside"": false, ""nr"": 7, ""target_r"": 1.0}",5m
457606,17,-100.0,0.8237,42.0888,-0.04,-0.0834,-0.04,0.4436,-0.3915,-100.0,-1.0,5.119,5.119,OPUSDT,TRXUSDT,False,LBR_COIL,"{""atr_stop"": 1.5, ""hold"": 6, ""inside"": false, ""nr"": 7, ""target_r"": 2.0}",5m
183538,17,-100.0,0.8229,41.7314,-0.0423,-0.2144,-0.0423,0.4709,-0.4098,-100.0,-1.0,5.4229,5.4229,AVAXUSDT,TRXUSDT,False,LBR_COIL,"{""atr_stop"": 1.0, ""hold"": 12, ""inside"": true, ""nr"": 7, ""target_r"": 2.0}",5m
183538,17,-100.0,0.8163,53.1884,-0.0429,0.0456,-0.0429,0.3583,-0.4987,-100.0,-1.0,5.4927,5.4927,APTUSDT,TRXUSDT,False,LBR_COIL,"{""atr_stop"": 1.5, ""hold"": 12, ""inside"": true, ""nr"": 7, ""target_r"": 1.0}",5m
183546,17,-100.0,0.8162,41.8734,-0.0402,-0.0817,-0.0402,0.4265,-0.3765,-100.0,-1.0,5.0973,5.0973,APTUSDT,TRXUSDT,False,LBR_COIL,"{""atr_stop"": 1.5, ""hold"": 6, ""inside"": true, ""nr"": 7, ""target_r"": 2.0}",5m
706241,17,-100.0,0.8145,41.1467,-0.0466,-0.2343,-0.0466,0.497,-0.4266,-100.0,-1.0,5.3213,5.3213,POLUSDT,TRXUSDT,False,LBR_COIL,"{""atr_stop"": 1.0, ""hold"": 12, ""inside"": false, ""nr"": 4, ""target_r"": 2.0}",5m
263704,17,-100.0,0.8108,41.2883,-0.0458,-0.2215,-0.0458,0.4751,-0.4121,-100.0,-1.0,5.2956,5.2956,APTUSDT,TRXUSDT,False,LBR_COIL,"{""atr_stop"": 1.0, ""hold"": 12, ""inside"": true, ""nr"": 4, ""target_r"": 2.0}",5m
706241,17,-100.0,0.8089,53.0255,-0.0472,0.0468,-0.0472,0.3767,-0.5257,-100.0,-1.0,5.4694,5.4694,OPUSDT,TRXUSDT,False,LBR_COIL,"{""atr_stop"": 1.5, ""hold"": 12, ""inside"": false, ""nr"": 4, ""target_r"": 1.0}",5m
457606,17,-100.0,0.8072,41.7418,-0.0409,-0.12,-0.0409,0.4106,-0.3645,-100.0,-1.0,4.0395,4.0395,OPUSDT,TRXUSDT,False,LBR_COIL,"{""atr_stop"": 1.0, ""hold"": 6, ""inside"": false, ""nr"": 7, ""target_r"": 2.0}",5m
706256,17,-100.0,0.8056,41.575,-0.0452,-0.0903,-0.0452,0.4502,-0.3977,-100.0,-1.0,5.0595,5.0595,OPUSDT,BTCUSDT,False,LBR_COIL,"{""atr_stop"": 1.5, ""hold"": 6, ""inside"": false, ""nr"": 4, ""target_r"": 2.0}",5m
263704,17,-100.0,0.8043,52.9385,-0.0464,0.0426,-0.0464,0.3603,-0.5039,-100.0,-1.0,5.3944,5.3944,APTUSDT,TRXUSDT,False,LBR_COIL,"{""atr_stop"": 1.5, ""hold"": 12, ""inside"": true, ""nr"": 4, ""target_r"": 1.0}",5m
263714,17,-100.0,0.8029,41.4779,-0.0442,-0.0869,-0.0442,0.4335,-0.3827,-100.0,-1.0,5.05,5.05,APTUSDT,TRXUSDT,False,LBR_COIL,"{""atr_stop"": 1.5, ""hold"": 6, ""inside"": true, ""nr"": 4, ""target_r"": 2.0}",5m
183546,17,-100.0,0.7989,41.6016,-0.0412,-0.1185,-0.0412,0.3932,-0.3507,-100.0,-1.0,4.0061,4.0061,APTUSDT,TRXUSDT,False,LBR_COIL,"{""atr_stop"": 1.0, ""hold"": 6, ""inside"": true, ""nr"": 7, ""target_r"": 2.0}",5m
457606,17,-100.0,0.7952,48.9008,-0.0428,-0.0131,-0.0428,0.3394,-0.4085,-100.0,-1.0,4.0681,4.0681,OPUSDT,TRXUSDT,False,LBR_COIL,"{""atr_stop"": 1.5, ""hold"": 6, ""inside"": false, ""nr"": 7, ""target_r"": 1.0}",5m
183546,17,-100.0,0.789,48.785,-0.0423,-0.0137,-0.0423,0.3241,-0.3913,-100.0,-1.0,4.0111,4.0111,APTUSDT,TRXUSDT,False,LBR_COIL,"{""atr_stop"": 1.5, ""hold"": 6, ""inside"": true, ""nr"": 7, ""target_r"": 1.0}",5m
706256,17,-100.0,0.7846,41.0692,-0.0468,-0.1325,-0.0468,0.4147,-0.3684,-100.0,-1.0,3.9472,3.9472,POLUSDT,TRXUSDT,False,LBR_COIL,"{""atr_stop"": 1.0, ""hold"": 6, ""inside"": false, ""nr"": 4, ""target_r"": 2.0}",5m
263714,17,-100.0,0.7842,41.1214,-0.0451,-0.12,-0.0451,0.3984,-0.3548,-100.0,-1.0,3.9364,3.9364,APTUSDT,TRXUSDT,False,LBR_COIL,"{""atr_stop"": 1.0, ""hold"": 6, ""inside"": true, ""nr"": 4, ""target_r"": 2.0}",5m
263714,17,-100.0,0.7756,48.5154,-0.0459,-0.0167,-0.0459,0.3272,-0.3976,-100.0,-1.0,3.9636,3.9636,APTUSDT,TRXUSDT,False,LBR_COIL,"{""atr_stop"": 1.5, ""hold"": 6, ""inside"": true, ""nr"": 4, ""target_r"": 1.0}",5m
706256,17,-100.0,0.7753,48.5156,-0.048,-0.0179,-0.048,0.3412,-0.4147,-100.0,-1.0,4.0073,4.0073,POLUSDT,TRXUSDT,False,LBR_COIL,"{""atr_stop"": 1.5, ""hold"": 6, ""inside"": false, ""nr"": 4, ""target_r"": 1.0}",5m
457594,17,-100.0,0.7497,55.7815,-0.0453,0.0476,-0.0453,0.2434,-0.4095,-100.0,-1.0,2.9428,2.9428,POLUSDT,TRXUSDT,False,LBR_COIL,"{""atr_stop"": 1.0, ""hold"": 12, ""inside"": false, ""nr"": 7, ""target_r"": 1.0}",5m
183538,17,-100.0,0.739,55.3586,-0.0452,0.0426,-0.0452,0.2309,-0.3876,-100.0,-1.0,2.8642,2.8642,APTUSDT,TRXUSDT,False,LBR_COIL,"{""atr_stop"": 1.0, ""hold"": 12, ""inside"": true, ""nr"": 7, ""target_r"": 1.0}",5m
457606,17,-100.0,0.7351,53.6149,-0.0453,0.0299,-0.0453,0.2344,-0.3685,-100.0,-1.0,2.5638,2.5638,POLUSDT,TRXUSDT,False,LBR_COIL,"{""atr_stop"": 1.0, ""hold"": 6, ""inside"": false, ""nr"": 7, ""target_r"": 1.0}",5m
183546,17,-100.0,0.7267,53.2613,-0.0446,0.026,-0.0446,0.2229,-0.3495,-100.0,-1.0,2.5053,2.5053,APTUSDT,TRXUSDT,False,LBR_COIL,"{""atr_stop"": 1.0, ""hold"": 6, ""inside"": true, ""nr"": 7, ""target_r"": 1.0}",5m
706241,17,-100.0,0.7234,55.0115,-0.051,0.0422,-0.051,0.2424,-0.4097,-100.0,-1.0,2.8479,2.8479,POLUSDT,TRXUSDT,False,LBR_COIL,"{""atr_stop"": 1.0, ""hold"": 12, ""inside"": false, ""nr"": 4, ""target_r"": 1.0}",5m
263704,17,-100.0,0.7228,54.8797,-0.0487,0.0391,-0.0487,0.2313,-0.3892,-100.0,-1.0,2.7923,2.7923,APTUSDT,TRXUSDT,False,LBR_COIL,"{""atr_stop"": 1.0, ""hold"": 12, ""inside"": true, ""nr"": 4, ""target_r"": 1.0}",5m
263714,17,-100.0,0.7101,52.8497,-0.0483,0.0228,-0.0483,0.2238,-0.3533,-100.0,-1.0,2.4559,2.4559,APTUSDT,TRXUSDT,False,LBR_COIL,"{""atr_stop"": 1.0, ""hold"": 6, ""inside"": true, ""nr"": 4, ""target_r"": 1.0}",5m
706256,17,-100.0,0.7084,52.9335,-0.051,0.0248,-0.051,0.234,-0.3715,-100.0,-1.0,2.4995,2.4995,POLUSDT,TRXUSDT,False,LBR_COIL,"{""atr_stop"": 1.0, ""hold"": 6, ""inside"": false, ""nr"": 4, ""target_r"": 1.0}",5m
492,17,81.6414,1.4648,51.626,0.1261,0.0308,0.1261,0.7699,-0.5609,-5.3099,15.3752,5.9756,5.9756,POLUSDT,TRXUSDT,False,HIGHBETA_PROXY,"{""confirm"": 4, ""hold"": 6, ""lookback"": 10}",5m
257,17,17.2707,1.2325,49.4163,0.0661,-0.0037,0.0661,0.7095,-0.5623,-7.9991,2.1591,5.9533,5.9533,DOGEUSDT,APTUSDT,False,HIGHBETA_PROXY,"{""confirm"": 4, ""hold"": 6, ""lookback"": 20}",5m
492,17,38.5279,1.1936,48.5772,0.0733,-0.0572,0.0733,0.9303,-0.7363,-18.9505,2.0331,11.8598,11.8598,ARBUSDT,LINKUSDT,False,HIGHBETA_PROXY,"{""confirm"": 4, ""hold"": 12, ""lookback"": 10}",5m
556,17,27.7155,1.1571,48.5612,0.0489,-0.026,0.0489,0.7421,-0.6055,-11.8514,2.3386,5.9532,5.9532,POLUSDT,ARBUSDT,False,HIGHBETA_PROXY,"{""confirm"": 3, ""hold"": 6, ""lookback"": 10}",5m
257,17,5.258,1.0694,47.8599,0.0268,-0.0878,0.0268,0.8616,-0.7395,-16.6019,0.3167,11.7704,11.7704,ARBUSDT,LINKUSDT,False,HIGHBETA_PROXY,"{""confirm"": 4, ""hold"": 12, ""lookback"": 20}",5m
556,17,7.8995,1.0504,46.0432,0.021,-0.1058,0.021,0.9496,-0.7714,-20.859,0.3787,11.7914,11.7914,POLUSDT,LINKUSDT,False,HIGHBETA_PROXY,"{""confirm"": 3, ""hold"": 12, ""lookback"": 10}",5m
291,17,-0.1304,1.0134,47.079,0.0046,-0.0461,0.0046,0.7388,-0.6486,-11.6253,-0.0112,5.921,5.921,XRPUSDT,OPUSDT,False,HIGHBETA_PROXY,"{""confirm"": 3, ""hold"": 6, ""lookback"": 20}",5m
291,17,-12.1719,0.9128,44.6735,-0.0374,-0.1306,-0.0374,0.8759,-0.7748,-16.7177,-0.7281,11.677,11.677,XRPUSDT,OPUSDT,False,HIGHBETA_PROXY,"{""confirm"": 3, ""hold"": 12, ""lookback"": 20}",5m
14202,17,-100.0,0.7414,41.1632,-0.1055,-0.1441,-0.1055,0.7348,-0.6935,-100.0,-1.0,12.0,12.0,POLUSDT,LTCUSDT,False,ORB_8AM,"{""hold"": 12, ""or_min"": 30}",5m
14244,17,-100.0,0.6896,40.1011,-0.1208,-0.1399,-0.1208,0.6694,-0.6499,-100.0,-1.0,12.0,12.0,POLUSDT,LINKUSDT,False,ORB_8AM,"{""hold"": 12, ""or_min"": 15}",5m
14202,17,-99.9999,0.6848,38.5087,-0.0943,-0.1219,-0.0943,0.532,-0.4865,-99.9999,-1.0,6.0,6.0,ARBUSDT,ETHUSDT,False,ORB_8AM,"{""hold"": 6, ""or_min"": 30}",5m
14240,17,-100.0,0.6709,39.8315,-0.1328,-0.1462,-0.1328,0.6796,-0.6706,-100.0,-1.0,12.0,12.0,POLUSDT,LTCUSDT,False,ORB_8AM,"{""hold"": 12, ""or_min"": 20}",5m
13945,17,-100.0,0.6677,41.0972,-0.1673,-0.1689,-0.1673,0.8177,-0.8545,-100.0,-1.0,12.0,12.0,TRXUSDT,APTUSDT,False,ORB_8AM,"{""hold"": 12, ""or_min"": 60}",5m
14244,17,-100.0,0.6222,37.8896,-0.1149,-0.1265,-0.1149,0.4997,-0.4899,-100.0,-1.0,6.0,6.0,POLUSDT,OPUSDT,False,ORB_8AM,"{""hold"": 6, ""or_min"": 15}",5m
14202,17,-99.9999,0.6132,35.488,-0.0966,-0.12,-0.0966,0.4313,-0.387,-99.9999,-1.0,3.0,3.0,POLUSDT,OPUSDT,False,ORB_8AM,"{""hold"": 3, ""or_min"": 30}",5m
14240,17,-100.0,0.5889,37.4719,-0.128,-0.1314,-0.128,0.4894,-0.4981,-100.0,-1.0,6.0,6.0,POLUSDT,OPUSDT,False,ORB_8AM,"{""hold"": 6, ""or_min"": 20}",5m
13945,17,-100.0,0.585,37.8845,-0.1573,-0.1594,-0.1573,0.5851,-0.61,-100.0,-1.0,6.0,6.0,TRXUSDT,APTUSDT,False,ORB_8AM,"{""hold"": 6, ""or_min"": 60}",5m
14240,17,-100.0,0.5344,34.5576,-0.12,-0.12,-0.12,0.3987,-0.3939,-100.0,-1.0,3.0,3.0,POLUSDT,DOTUSDT,False,ORB_8AM,"{""hold"": 3, ""or_min"": 20}",5m
14244,17,-100.0,0.5246,34.583,-0.1221,-0.1202,-0.1221,0.3895,-0.3925,-100.0,-1.0,3.0,3.0,POLUSDT,LINKUSDT,False,ORB_8AM,"{""hold"": 3, ""or_min"": 15}",5m
13945,17,-100.0,0.5153,34.6863,-0.1424,-0.1525,-0.1424,0.4366,-0.4499,-100.0,-1.0,3.0,3.0,POLUSDT,APTUSDT,False,ORB_8AM,"{""hold"": 3, ""or_min"": 60}",5m
